image_id,product_id,category,filename
1,1,electronics,product_0001.jpg
2,2,electronics,product_0002.jpg
3,3,electronics,product_0003.jpg
4,4,electronics,product_0004.jpg
5,5,electronics,product_0005.jpg
6,6,electronics,product_0006.jpg
7,7,electronics,product_0007.jpg
8,8,electronics,product_0008.jpg
9,9,electronics,product_0009.jpg
10,10,electronics,product_0010.jpg
11,11,electronics,product_0011.jpg
12,12,electronics,product_0012.jpg
13,13,electronics,product_0013.jpg
14,14,electronics,product_0014.jpg
15,15,electronics,product_0015.jpg
16,16,electronics,product_0016.jpg
17,17,electronics,product_0017.jpg
18,18,electronics,product_0018.jpg
19,19,electronics,product_0019.jpg
20,20,electronics,product_0020.jpg
21,21,electronics,product_0021.jpg
22,22,electronics,product_0022.jpg
23,23,electronics,product_0023.jpg
24,24,electronics,product_0024.jpg
25,25,electronics,product_0025.jpg
26,26,electronics,product_0026.jpg
27,27,electronics,product_0027.jpg
28,28,electronics,product_0028.jpg
29,29,electronics,product_0029.jpg
30,30,electronics,product_0030.jpg
31,31,electronics,product_0031.jpg
32,32,electronics,product_0032.jpg
33,33,electronics,product_0033.jpg
34,34,electronics,product_0034.jpg
35,35,electronics,product_0035.jpg
36,36,electronics,product_0036.jpg
37,37,electronics,product_0037.jpg
38,38,electronics,product_0038.jpg
39,39,electronics,product_0039.jpg
40,40,electronics,product_0040.jpg
41,41,electronics,product_0041.jpg
42,42,electronics,product_0042.jpg
43,43,electronics,product_0043.jpg
44,44,electronics,product_0044.jpg
45,45,electronics,product_0045.jpg
46,46,electronics,product_0046.jpg
47,47,electronics,product_0047.jpg
48,48,electronics,product_0048.jpg
49,49,electronics,product_0049.jpg
50,50,electronics,product_0050.jpg
51,51,electronics,product_0051.jpg
52,52,electronics,product_0052.jpg
53,53,electronics,product_0053.jpg
54,54,electronics,product_0054.jpg
55,55,electronics,product_0055.jpg
56,56,electronics,product_0056.jpg
57,57,electronics,product_0057.jpg
58,58,electronics,product_0058.jpg
59,59,electronics,product_0059.jpg
60,60,electronics,product_0060.jpg
61,61,electronics,product_0061.jpg
62,62,electronics,product_0062.jpg
63,63,electronics,product_0063.jpg
64,64,electronics,product_0064.jpg
65,65,electronics,product_0065.jpg
66,66,electronics,product_0066.jpg
67,67,electronics,product_0067.jpg
68,68,mobiles,product_0068.jpg
69,69,mobiles,product_0069.jpg
70,70,mobiles,product_0070.jpg
71,71,mobiles,product_0071.jpg
72,72,mobiles,product_0072.jpg
73,73,mobiles,product_0073.jpg
74,74,mobiles,product_0074.jpg
75,75,mobiles,product_0075.jpg
76,76,mobiles,product_0076.jpg
77,77,mobiles,product_0077.jpg
78,78,mobiles,product_0078.jpg
79,79,mobiles,product_0079.jpg
80,80,mobiles,product_0080.jpg
81,81,mobiles,product_0081.jpg
82,82,mobiles,product_0082.jpg
83,83,mobiles,product_0083.jpg
84,84,mobiles,product_0084.jpg
85,85,mobiles,product_0085.jpg
86,86,mobiles,product_0086.jpg
87,87,mobiles,product_0087.jpg
88,88,mobiles,product_0088.jpg
89,89,mobiles,product_0089.jpg
90,90,mobiles,product_0090.jpg
91,91,mobiles,product_0091.jpg
92,92,mobiles,product_0092.jpg
93,93,mobiles,product_0093.jpg
94,94,mobiles,product_0094.jpg
95,95,mobiles,product_0095.jpg
96,96,mobiles,product_0096.jpg
97,97,mobiles,product_0097.jpg
98,98,mobiles,product_0098.jpg
99,99,mobiles,product_0099.jpg
100,100,mobiles,product_0100.jpg
101,101,mobiles,product_0101.jpg
102,102,mobiles,product_0102.jpg
103,103,mobiles,product_0103.jpg
104,104,mobiles,product_0104.jpg
105,105,mobiles,product_0105.jpg
106,106,mobiles,product_0106.jpg
107,107,mobiles,product_0107.jpg
108,108,mobiles,product_0108.jpg
109,109,mobiles,product_0109.jpg
110,110,mobiles,product_0110.jpg
111,111,mobiles,product_0111.jpg
112,112,mobiles,product_0112.jpg
113,113,mobiles,product_0113.jpg
114,114,mobiles,product_0114.jpg
115,115,mobiles,product_0115.jpg
116,116,mobiles,product_0116.jpg
117,117,mobiles,product_0117.jpg
118,118,mobiles,product_0118.jpg
119,119,mobiles,product_0119.jpg
120,120,mobiles,product_0120.jpg
121,121,mobiles,product_0121.jpg
122,122,mobiles,product_0122.jpg
123,123,mobiles,product_0123.jpg
124,124,mobiles,product_0124.jpg
125,125,mobiles,product_0125.jpg
126,126,mobiles,product_0126.jpg
127,127,mobiles,product_0127.jpg
128,128,mobiles,product_0128.jpg
129,129,mobiles,product_0129.jpg
130,130,mobiles,product_0130.jpg
131,131,mobiles,product_0131.jpg
132,132,mobiles,product_0132.jpg
133,133,mobiles,product_0133.jpg
134,134,mobiles,product_0134.jpg
135,135,laptops,product_0135.jpg
136,136,laptops,product_0136.jpg
137,137,laptops,product_0137.jpg
138,138,laptops,product_0138.jpg
139,139,laptops,product_0139.jpg
140,140,laptops,product_0140.jpg
141,141,laptops,product_0141.jpg
142,142,laptops,product_0142.jpg
143,143,laptops,product_0143.jpg
144,144,laptops,product_0144.jpg
145,145,laptops,product_0145.jpg
146,146,laptops,product_0146.jpg
147,147,laptops,product_0147.jpg
148,148,laptops,product_0148.jpg
149,149,laptops,product_0149.jpg
150,150,laptops,product_0150.jpg
151,151,laptops,product_0151.jpg
152,152,laptops,product_0152.jpg
153,153,laptops,product_0153.jpg
154,154,laptops,product_0154.jpg
155,155,laptops,product_0155.jpg
156,156,laptops,product_0156.jpg
157,157,laptops,product_0157.jpg
158,158,laptops,product_0158.jpg
159,159,laptops,product_0159.jpg
160,160,laptops,product_0160.jpg
161,161,laptops,product_0161.jpg
162,162,laptops,product_0162.jpg
163,163,laptops,product_0163.jpg
164,164,laptops,product_0164.jpg
165,165,laptops,product_0165.jpg
166,166,laptops,product_0166.jpg
167,167,laptops,product_0167.jpg
168,168,laptops,product_0168.jpg
169,169,laptops,product_0169.jpg
170,170,laptops,product_0170.jpg
171,171,laptops,product_0171.jpg
172,172,laptops,product_0172.jpg
173,173,laptops,product_0173.jpg
174,174,laptops,product_0174.jpg
175,175,laptops,product_0175.jpg
176,176,laptops,product_0176.jpg
177,177,laptops,product_0177.jpg
178,178,laptops,product_0178.jpg
179,179,laptops,product_0179.jpg
180,180,laptops,product_0180.jpg
181,181,laptops,product_0181.jpg
182,182,laptops,product_0182.jpg
183,183,laptops,product_0183.jpg
184,184,laptops,product_0184.jpg
185,185,laptops,product_0185.jpg
186,186,laptops,product_0186.jpg
187,187,laptops,product_0187.jpg
188,188,laptops,product_0188.jpg
189,189,laptops,product_0189.jpg
190,190,laptops,product_0190.jpg
191,191,laptops,product_0191.jpg
192,192,laptops,product_0192.jpg
193,193,laptops,product_0193.jpg
194,194,laptops,product_0194.jpg
195,195,laptops,product_0195.jpg
196,196,laptops,product_0196.jpg
197,197,laptops,product_0197.jpg
198,198,laptops,product_0198.jpg
199,199,laptops,product_0199.jpg
200,200,laptops,product_0200.jpg
201,201,laptops,product_0201.jpg
202,202,headphones,product_0202.jpg
203,203,headphones,product_0203.jpg
204,204,headphones,product_0204.jpg
205,205,headphones,product_0205.jpg
206,206,headphones,product_0206.jpg
207,207,headphones,product_0207.jpg
208,208,headphones,product_0208.jpg
209,209,headphones,product_0209.jpg
210,210,headphones,product_0210.jpg
211,211,headphones,product_0211.jpg
212,212,headphones,product_0212.jpg
213,213,headphones,product_0213.jpg
214,214,headphones,product_0214.jpg
215,215,headphones,product_0215.jpg
216,216,headphones,product_0216.jpg
217,217,headphones,product_0217.jpg
218,218,headphones,product_0218.jpg
219,219,headphones,product_0219.jpg
220,220,headphones,product_0220.jpg
221,221,headphones,product_0221.jpg
222,222,headphones,product_0222.jpg
223,223,headphones,product_0223.jpg
224,224,headphones,product_0224.jpg
225,225,headphones,product_0225.jpg
226,226,headphones,product_0226.jpg
227,227,headphones,product_0227.jpg
228,228,headphones,product_0228.jpg
229,229,headphones,product_0229.jpg
230,230,headphones,product_0230.jpg
231,231,headphones,product_0231.jpg
232,232,headphones,product_0232.jpg
233,233,headphones,product_0233.jpg
234,234,headphones,product_0234.jpg
235,235,headphones,product_0235.jpg
236,236,headphones,product_0236.jpg
237,237,headphones,product_0237.jpg
238,238,headphones,product_0238.jpg
239,239,headphones,product_0239.jpg
240,240,headphones,product_0240.jpg
241,241,headphones,product_0241.jpg
242,242,headphones,product_0242.jpg
243,243,headphones,product_0243.jpg
244,244,headphones,product_0244.jpg
245,245,headphones,product_0245.jpg
246,246,headphones,product_0246.jpg
247,247,headphones,product_0247.jpg
248,248,headphones,product_0248.jpg
249,249,headphones,product_0249.jpg
250,250,headphones,product_0250.jpg
251,251,headphones,product_0251.jpg
252,252,headphones,product_0252.jpg
253,253,headphones,product_0253.jpg
254,254,headphones,product_0254.jpg
255,255,headphones,product_0255.jpg
256,256,headphones,product_0256.jpg
257,257,headphones,product_0257.jpg
258,258,headphones,product_0258.jpg
259,259,headphones,product_0259.jpg
260,260,headphones,product_0260.jpg
261,261,headphones,product_0261.jpg
262,262,headphones,product_0262.jpg
263,263,headphones,product_0263.jpg
264,264,headphones,product_0264.jpg
265,265,headphones,product_0265.jpg
266,266,headphones,product_0266.jpg
267,267,headphones,product_0267.jpg
268,268,headphones,product_0268.jpg
269,269,clothing,product_0269.jpg
270,270,clothing,product_0270.jpg
271,271,clothing,product_0271.jpg
272,272,clothing,product_0272.jpg
273,273,clothing,product_0273.jpg
274,274,clothing,product_0274.jpg
275,275,clothing,product_0275.jpg
276,276,clothing,product_0276.jpg
277,277,clothing,product_0277.jpg
278,278,clothing,product_0278.jpg
279,279,clothing,product_0279.jpg
280,280,clothing,product_0280.jpg
281,281,clothing,product_0281.jpg
282,282,clothing,product_0282.jpg
283,283,clothing,product_0283.jpg
284,284,clothing,product_0284.jpg
285,285,clothing,product_0285.jpg
286,286,clothing,product_0286.jpg
287,287,clothing,product_0287.jpg
288,288,clothing,product_0288.jpg
289,289,clothing,product_0289.jpg
290,290,clothing,product_0290.jpg
291,291,clothing,product_0291.jpg
292,292,clothing,product_0292.jpg
293,293,clothing,product_0293.jpg
294,294,clothing,product_0294.jpg
295,295,clothing,product_0295.jpg
296,296,clothing,product_0296.jpg
297,297,clothing,product_0297.jpg
298,298,clothing,product_0298.jpg
299,299,clothing,product_0299.jpg
300,300,clothing,product_0300.jpg
301,301,clothing,product_0301.jpg
302,302,clothing,product_0302.jpg
303,303,clothing,product_0303.jpg
304,304,clothing,product_0304.jpg
305,305,clothing,product_0305.jpg
306,306,clothing,product_0306.jpg
307,307,clothing,product_0307.jpg
308,308,clothing,product_0308.jpg
309,309,clothing,product_0309.jpg
310,310,clothing,product_0310.jpg
311,311,clothing,product_0311.jpg
312,312,clothing,product_0312.jpg
313,313,clothing,product_0313.jpg
314,314,clothing,product_0314.jpg
315,315,clothing,product_0315.jpg
316,316,clothing,product_0316.jpg
317,317,clothing,product_0317.jpg
318,318,clothing,product_0318.jpg
319,319,clothing,product_0319.jpg
320,320,clothing,product_0320.jpg
321,321,clothing,product_0321.jpg
322,322,clothing,product_0322.jpg
323,323,clothing,product_0323.jpg
324,324,clothing,product_0324.jpg
325,325,clothing,product_0325.jpg
326,326,clothing,product_0326.jpg
327,327,clothing,product_0327.jpg
328,328,clothing,product_0328.jpg
329,329,clothing,product_0329.jpg
330,330,clothing,product_0330.jpg
331,331,clothing,product_0331.jpg
332,332,clothing,product_0332.jpg
333,333,clothing,product_0333.jpg
334,334,clothing,product_0334.jpg
335,335,clothing,product_0335.jpg
336,336,shoes,product_0336.jpg
337,337,shoes,product_0337.jpg
338,338,shoes,product_0338.jpg
339,339,shoes,product_0339.jpg
340,340,shoes,product_0340.jpg
341,341,shoes,product_0341.jpg
342,342,shoes,product_0342.jpg
343,343,shoes,product_0343.jpg
344,344,shoes,product_0344.jpg
345,345,shoes,product_0345.jpg
346,346,shoes,product_0346.jpg
347,347,shoes,product_0347.jpg
348,348,shoes,product_0348.jpg
349,349,shoes,product_0349.jpg
350,350,shoes,product_0350.jpg
351,351,shoes,product_0351.jpg
352,352,shoes,product_0352.jpg
353,353,shoes,product_0353.jpg
354,354,shoes,product_0354.jpg
355,355,shoes,product_0355.jpg
356,356,shoes,product_0356.jpg
357,357,shoes,product_0357.jpg
358,358,shoes,product_0358.jpg
359,359,shoes,product_0359.jpg
360,360,shoes,product_0360.jpg
361,361,shoes,product_0361.jpg
362,362,shoes,product_0362.jpg
363,363,shoes,product_0363.jpg
364,364,shoes,product_0364.jpg
365,365,shoes,product_0365.jpg
366,366,shoes,product_0366.jpg
367,367,shoes,product_0367.jpg
368,368,shoes,product_0368.jpg
369,369,shoes,product_0369.jpg
370,370,shoes,product_0370.jpg
371,371,shoes,product_0371.jpg
372,372,shoes,product_0372.jpg
373,373,shoes,product_0373.jpg
374,374,shoes,product_0374.jpg
375,375,shoes,product_0375.jpg
376,376,shoes,product_0376.jpg
377,377,shoes,product_0377.jpg
378,378,shoes,product_0378.jpg
379,379,shoes,product_0379.jpg
380,380,shoes,product_0380.jpg
381,381,shoes,product_0381.jpg
382,382,shoes,product_0382.jpg
383,383,shoes,product_0383.jpg
384,384,shoes,product_0384.jpg
385,385,shoes,product_0385.jpg
386,386,shoes,product_0386.jpg
387,387,shoes,product_0387.jpg
388,388,shoes,product_0388.jpg
389,389,shoes,product_0389.jpg
390,390,shoes,product_0390.jpg
391,391,shoes,product_0391.jpg
392,392,shoes,product_0392.jpg
393,393,shoes,product_0393.jpg
394,394,shoes,product_0394.jpg
395,395,shoes,product_0395.jpg
396,396,shoes,product_0396.jpg
397,397,shoes,product_0397.jpg
398,398,shoes,product_0398.jpg
399,399,shoes,product_0399.jpg
400,400,shoes,product_0400.jpg
401,401,shoes,product_0401.jpg
402,402,shoes,product_0402.jpg
403,403,watches,product_0403.jpg
404,404,watches,product_0404.jpg
405,405,watches,product_0405.jpg
406,406,watches,product_0406.jpg
407,407,watches,product_0407.jpg
408,408,watches,product_0408.jpg
409,409,watches,product_0409.jpg
410,410,watches,product_0410.jpg
411,411,watches,product_0411.jpg
412,412,watches,product_0412.jpg
413,413,watches,product_0413.jpg
414,414,watches,product_0414.jpg
415,415,watches,product_0415.jpg
416,416,watches,product_0416.jpg
417,417,watches,product_0417.jpg
418,418,watches,product_0418.jpg
419,419,watches,product_0419.jpg
420,420,watches,product_0420.jpg
421,421,watches,product_0421.jpg
422,422,watches,product_0422.jpg
423,423,watches,product_0423.jpg
424,424,watches,product_0424.jpg
425,425,watches,product_0425.jpg
426,426,watches,product_0426.jpg
427,427,watches,product_0427.jpg
428,428,watches,product_0428.jpg
429,429,watches,product_0429.jpg
430,430,watches,product_0430.jpg
431,431,watches,product_0431.jpg
432,432,watches,product_0432.jpg
433,433,watches,product_0433.jpg
434,434,watches,product_0434.jpg
435,435,watches,product_0435.jpg
436,436,watches,product_0436.jpg
437,437,watches,product_0437.jpg
438,438,watches,product_0438.jpg
439,439,watches,product_0439.jpg
440,440,watches,product_0440.jpg
441,441,watches,product_0441.jpg
442,442,watches,product_0442.jpg
443,443,watches,product_0443.jpg
444,444,watches,product_0444.jpg
445,445,watches,product_0445.jpg
446,446,watches,product_0446.jpg
447,447,watches,product_0447.jpg
448,448,watches,product_0448.jpg
449,449,watches,product_0449.jpg
450,450,watches,product_0450.jpg
451,451,watches,product_0451.jpg
452,452,watches,product_0452.jpg
453,453,watches,product_0453.jpg
454,454,watches,product_0454.jpg
455,455,watches,product_0455.jpg
456,456,watches,product_0456.jpg
457,457,watches,product_0457.jpg
458,458,watches,product_0458.jpg
459,459,watches,product_0459.jpg
460,460,watches,product_0460.jpg
461,461,watches,product_0461.jpg
462,462,watches,product_0462.jpg
463,463,watches,product_0463.jpg
464,464,watches,product_0464.jpg
465,465,watches,product_0465.jpg
466,466,watches,product_0466.jpg
467,467,watches,product_0467.jpg
468,468,watches,product_0468.jpg
469,469,watches,product_0469.jpg
470,470,bags,product_0470.jpg
471,471,bags,product_0471.jpg
472,472,bags,product_0472.jpg
473,473,bags,product_0473.jpg
474,474,bags,product_0474.jpg
475,475,bags,product_0475.jpg
476,476,bags,product_0476.jpg
477,477,bags,product_0477.jpg
478,478,bags,product_0478.jpg
479,479,bags,product_0479.jpg
480,480,bags,product_0480.jpg
481,481,bags,product_0481.jpg
482,482,bags,product_0482.jpg
483,483,bags,product_0483.jpg
484,484,bags,product_0484.jpg
485,485,bags,product_0485.jpg
486,486,bags,product_0486.jpg
487,487,bags,product_0487.jpg
488,488,bags,product_0488.jpg
489,489,bags,product_0489.jpg
490,490,bags,product_0490.jpg
491,491,bags,product_0491.jpg
492,492,bags,product_0492.jpg
493,493,bags,product_0493.jpg
494,494,bags,product_0494.jpg
495,495,bags,product_0495.jpg
496,496,bags,product_0496.jpg
497,497,bags,product_0497.jpg
498,498,bags,product_0498.jpg
499,499,bags,product_0499.jpg
500,500,bags,product_0500.jpg
501,501,bags,product_0501.jpg
502,502,bags,product_0502.jpg
503,503,bags,product_0503.jpg
504,504,bags,product_0504.jpg
505,505,bags,product_0505.jpg
506,506,bags,product_0506.jpg
507,507,bags,product_0507.jpg
508,508,bags,product_0508.jpg
509,509,bags,product_0509.jpg
510,510,bags,product_0510.jpg
511,511,bags,product_0511.jpg
512,512,bags,product_0512.jpg
513,513,bags,product_0513.jpg
514,514,bags,product_0514.jpg
515,515,bags,product_0515.jpg
516,516,bags,product_0516.jpg
517,517,bags,product_0517.jpg
518,518,bags,product_0518.jpg
519,519,bags,product_0519.jpg
520,520,bags,product_0520.jpg
521,521,bags,product_0521.jpg
522,522,bags,product_0522.jpg
523,523,bags,product_0523.jpg
524,524,bags,product_0524.jpg
525,525,bags,product_0525.jpg
526,526,bags,product_0526.jpg
527,527,bags,product_0527.jpg
528,528,bags,product_0528.jpg
529,529,bags,product_0529.jpg
530,530,bags,product_0530.jpg
531,531,bags,product_0531.jpg
532,532,bags,product_0532.jpg
533,533,bags,product_0533.jpg
534,534,bags,product_0534.jpg
535,535,bags,product_0535.jpg
536,536,bags,product_0536.jpg
537,537,home-kitchen,product_0537.jpg
538,538,home-kitchen,product_0538.jpg
539,539,home-kitchen,product_0539.jpg
540,540,home-kitchen,product_0540.jpg
541,541,home-kitchen,product_0541.jpg
542,542,home-kitchen,product_0542.jpg
543,543,home-kitchen,product_0543.jpg
544,544,home-kitchen,product_0544.jpg
545,545,home-kitchen,product_0545.jpg
546,546,home-kitchen,product_0546.jpg
547,547,home-kitchen,product_0547.jpg
548,548,home-kitchen,product_0548.jpg
549,549,home-kitchen,product_0549.jpg
550,550,home-kitchen,product_0550.jpg
551,551,home-kitchen,product_0551.jpg
552,552,home-kitchen,product_0552.jpg
553,553,home-kitchen,product_0553.jpg
554,554,home-kitchen,product_0554.jpg
555,555,home-kitchen,product_0555.jpg
556,556,home-kitchen,product_0556.jpg
557,557,home-kitchen,product_0557.jpg
558,558,home-kitchen,product_0558.jpg
559,559,home-kitchen,product_0559.jpg
560,560,home-kitchen,product_0560.jpg
561,561,home-kitchen,product_0561.jpg
562,562,home-kitchen,product_0562.jpg
563,563,home-kitchen,product_0563.jpg
564,564,home-kitchen,product_0564.jpg
565,565,home-kitchen,product_0565.jpg
566,566,home-kitchen,product_0566.jpg
567,567,home-kitchen,product_0567.jpg
568,568,home-kitchen,product_0568.jpg
569,569,home-kitchen,product_0569.jpg
570,570,home-kitchen,product_0570.jpg
571,571,home-kitchen,product_0571.jpg
572,572,home-kitchen,product_0572.jpg
573,573,home-kitchen,product_0573.jpg
574,574,home-kitchen,product_0574.jpg
575,575,home-kitchen,product_0575.jpg
576,576,home-kitchen,product_0576.jpg
577,577,home-kitchen,product_0577.jpg
578,578,home-kitchen,product_0578.jpg
579,579,home-kitchen,product_0579.jpg
580,580,home-kitchen,product_0580.jpg
581,581,home-kitchen,product_0581.jpg
582,582,home-kitchen,product_0582.jpg
583,583,home-kitchen,product_0583.jpg
584,584,home-kitchen,product_0584.jpg
585,585,home-kitchen,product_0585.jpg
586,586,home-kitchen,product_0586.jpg
587,587,home-kitchen,product_0587.jpg
588,588,home-kitchen,product_0588.jpg
589,589,home-kitchen,product_0589.jpg
590,590,home-kitchen,product_0590.jpg
591,591,home-kitchen,product_0591.jpg
592,592,home-kitchen,product_0592.jpg
593,593,home-kitchen,product_0593.jpg
594,594,home-kitchen,product_0594.jpg
595,595,home-kitchen,product_0595.jpg
596,596,home-kitchen,product_0596.jpg
597,597,home-kitchen,product_0597.jpg
598,598,home-kitchen,product_0598.jpg
599,599,home-kitchen,product_0599.jpg
600,600,home-kitchen,product_0600.jpg
601,601,home-kitchen,product_0601.jpg
602,602,home-kitchen,product_0602.jpg
603,603,home-kitchen,product_0603.jpg
604,604,beauty,product_0604.jpg
605,605,beauty,product_0605.jpg
606,606,beauty,product_0606.jpg
607,607,beauty,product_0607.jpg
608,608,beauty,product_0608.jpg
609,609,beauty,product_0609.jpg
610,610,beauty,product_0610.jpg
611,611,beauty,product_0611.jpg
612,612,beauty,product_0612.jpg
613,613,beauty,product_0613.jpg
614,614,beauty,product_0614.jpg
615,615,beauty,product_0615.jpg
616,616,beauty,product_0616.jpg
617,617,beauty,product_0617.jpg
618,618,beauty,product_0618.jpg
619,619,beauty,product_0619.jpg
620,620,beauty,product_0620.jpg
621,621,beauty,product_0621.jpg
622,622,beauty,product_0622.jpg
623,623,beauty,product_0623.jpg
624,624,beauty,product_0624.jpg
625,625,beauty,product_0625.jpg
626,626,beauty,product_0626.jpg
627,627,beauty,product_0627.jpg
628,628,beauty,product_0628.jpg
629,629,beauty,product_0629.jpg
630,630,beauty,product_0630.jpg
631,631,beauty,product_0631.jpg
632,632,beauty,product_0632.jpg
633,633,beauty,product_0633.jpg
634,634,beauty,product_0634.jpg
635,635,beauty,product_0635.jpg
636,636,beauty,product_0636.jpg
637,637,beauty,product_0637.jpg
638,638,beauty,product_0638.jpg
639,639,beauty,product_0639.jpg
640,640,beauty,product_0640.jpg
641,641,beauty,product_0641.jpg
642,642,beauty,product_0642.jpg
643,643,beauty,product_0643.jpg
644,644,beauty,product_0644.jpg
645,645,beauty,product_0645.jpg
646,646,beauty,product_0646.jpg
647,647,beauty,product_0647.jpg
648,648,beauty,product_0648.jpg
649,649,beauty,product_0649.jpg
650,650,beauty,product_0650.jpg
651,651,beauty,product_0651.jpg
652,652,beauty,product_0652.jpg
653,653,beauty,product_0653.jpg
654,654,beauty,product_0654.jpg
655,655,beauty,product_0655.jpg
656,656,beauty,product_0656.jpg
657,657,beauty,product_0657.jpg
658,658,beauty,product_0658.jpg
659,659,beauty,product_0659.jpg
660,660,beauty,product_0660.jpg
661,661,beauty,product_0661.jpg
662,662,beauty,product_0662.jpg
663,663,beauty,product_0663.jpg
664,664,beauty,product_0664.jpg
665,665,beauty,product_0665.jpg
666,666,beauty,product_0666.jpg
667,667,beauty,product_0667.jpg
668,668,beauty,product_0668.jpg
669,669,beauty,product_0669.jpg
670,670,beauty,product_0670.jpg
671,671,books,product_0671.jpg
672,672,books,product_0672.jpg
673,673,books,product_0673.jpg
674,674,books,product_0674.jpg
675,675,books,product_0675.jpg
676,676,books,product_0676.jpg
677,677,books,product_0677.jpg
678,678,books,product_0678.jpg
679,679,books,product_0679.jpg
680,680,books,product_0680.jpg
681,681,books,product_0681.jpg
682,682,books,product_0682.jpg
683,683,books,product_0683.jpg
684,684,books,product_0684.jpg
685,685,books,product_0685.jpg
686,686,books,product_0686.jpg
687,687,books,product_0687.jpg
688,688,books,product_0688.jpg
689,689,books,product_0689.jpg
690,690,books,product_0690.jpg
691,691,books,product_0691.jpg
692,692,books,product_0692.jpg
693,693,books,product_0693.jpg
694,694,books,product_0694.jpg
695,695,books,product_0695.jpg
696,696,books,product_0696.jpg
697,697,books,product_0697.jpg
698,698,books,product_0698.jpg
699,699,books,product_0699.jpg
700,700,books,product_0700.jpg
701,701,books,product_0701.jpg
702,702,books,product_0702.jpg
703,703,books,product_0703.jpg
704,704,books,product_0704.jpg
705,705,books,product_0705.jpg
706,706,books,product_0706.jpg
707,707,books,product_0707.jpg
708,708,books,product_0708.jpg
709,709,books,product_0709.jpg
710,710,books,product_0710.jpg
711,711,books,product_0711.jpg
712,712,books,product_0712.jpg
713,713,books,product_0713.jpg
714,714,books,product_0714.jpg
715,715,books,product_0715.jpg
716,716,books,product_0716.jpg
717,717,books,product_0717.jpg
718,718,books,product_0718.jpg
719,719,books,product_0719.jpg
720,720,books,product_0720.jpg
721,721,books,product_0721.jpg
722,722,books,product_0722.jpg
723,723,books,product_0723.jpg
724,724,books,product_0724.jpg
725,725,books,product_0725.jpg
726,726,books,product_0726.jpg
727,727,books,product_0727.jpg
728,728,books,product_0728.jpg
729,729,books,product_0729.jpg
730,730,books,product_0730.jpg
731,731,books,product_0731.jpg
732,732,books,product_0732.jpg
733,733,books,product_0733.jpg
734,734,books,product_0734.jpg
735,735,books,product_0735.jpg
736,736,books,product_0736.jpg
737,737,toys,product_0737.jpg
738,738,toys,product_0738.jpg
739,739,toys,product_0739.jpg
740,740,toys,product_0740.jpg
741,741,toys,product_0741.jpg
742,742,toys,product_0742.jpg
743,743,toys,product_0743.jpg
744,744,toys,product_0744.jpg
745,745,toys,product_0745.jpg
746,746,toys,product_0746.jpg
747,747,toys,product_0747.jpg
748,748,toys,product_0748.jpg
749,749,toys,product_0749.jpg
750,750,toys,product_0750.jpg
751,751,toys,product_0751.jpg
752,752,toys,product_0752.jpg
753,753,toys,product_0753.jpg
754,754,toys,product_0754.jpg
755,755,toys,product_0755.jpg
756,756,toys,product_0756.jpg
757,757,toys,product_0757.jpg
758,758,toys,product_0758.jpg
759,759,toys,product_0759.jpg
760,760,toys,product_0760.jpg
761,761,toys,product_0761.jpg
762,762,toys,product_0762.jpg
763,763,toys,product_0763.jpg
764,764,toys,product_0764.jpg
765,765,toys,product_0765.jpg
766,766,toys,product_0766.jpg
767,767,toys,product_0767.jpg
768,768,toys,product_0768.jpg
769,769,toys,product_0769.jpg
770,770,toys,product_0770.jpg
771,771,toys,product_0771.jpg
772,772,toys,product_0772.jpg
773,773,toys,product_0773.jpg
774,774,toys,product_0774.jpg
775,775,toys,product_0775.jpg
776,776,toys,product_0776.jpg
777,777,toys,product_0777.jpg
778,778,toys,product_0778.jpg
779,779,toys,product_0779.jpg
780,780,toys,product_0780.jpg
781,781,toys,product_0781.jpg
782,782,toys,product_0782.jpg
783,783,toys,product_0783.jpg
784,784,toys,product_0784.jpg
785,785,toys,product_0785.jpg
786,786,toys,product_0786.jpg
787,787,toys,product_0787.jpg
788,788,toys,product_0788.jpg
789,789,toys,product_0789.jpg
790,790,toys,product_0790.jpg
791,791,toys,product_0791.jpg
792,792,toys,product_0792.jpg
793,793,toys,product_0793.jpg
794,794,toys,product_0794.jpg
795,795,toys,product_0795.jpg
796,796,toys,product_0796.jpg
797,797,toys,product_0797.jpg
798,798,toys,product_0798.jpg
799,799,toys,product_0799.jpg
800,800,toys,product_0800.jpg
801,801,toys,product_0801.jpg
802,802,toys,product_0802.jpg
803,803,sports,product_0803.jpg
804,804,sports,product_0804.jpg
805,805,sports,product_0805.jpg
806,806,sports,product_0806.jpg
807,807,sports,product_0807.jpg
808,808,sports,product_0808.jpg
809,809,sports,product_0809.jpg
810,810,sports,product_0810.jpg
811,811,sports,product_0811.jpg
812,812,sports,product_0812.jpg
813,813,sports,product_0813.jpg
814,814,sports,product_0814.jpg
815,815,sports,product_0815.jpg
816,816,sports,product_0816.jpg
817,817,sports,product_0817.jpg
818,818,sports,product_0818.jpg
819,819,sports,product_0819.jpg
820,820,sports,product_0820.jpg
821,821,sports,product_0821.jpg
822,822,sports,product_0822.jpg
823,823,sports,product_0823.jpg
824,824,sports,product_0824.jpg
825,825,sports,product_0825.jpg
826,826,sports,product_0826.jpg
827,827,sports,product_0827.jpg
828,828,sports,product_0828.jpg
829,829,sports,product_0829.jpg
830,830,sports,product_0830.jpg
831,831,sports,product_0831.jpg
832,832,sports,product_0832.jpg
833,833,sports,product_0833.jpg
834,834,sports,product_0834.jpg
835,835,sports,product_0835.jpg
836,836,sports,product_0836.jpg
837,837,sports,product_0837.jpg
838,838,sports,product_0838.jpg
839,839,sports,product_0839.jpg
840,840,sports,product_0840.jpg
841,841,sports,product_0841.jpg
842,842,sports,product_0842.jpg
843,843,sports,product_0843.jpg
844,844,sports,product_0844.jpg
845,845,sports,product_0845.jpg
846,846,sports,product_0846.jpg
847,847,sports,product_0847.jpg
848,848,sports,product_0848.jpg
849,849,sports,product_0849.jpg
850,850,sports,product_0850.jpg
851,851,sports,product_0851.jpg
852,852,sports,product_0852.jpg
853,853,sports,product_0853.jpg
854,854,sports,product_0854.jpg
855,855,sports,product_0855.jpg
856,856,sports,product_0856.jpg
857,857,sports,product_0857.jpg
858,858,sports,product_0858.jpg
859,859,sports,product_0859.jpg
860,860,sports,product_0860.jpg
861,861,sports,product_0861.jpg
862,862,sports,product_0862.jpg
863,863,sports,product_0863.jpg
864,864,sports,product_0864.jpg
865,865,sports,product_0865.jpg
866,866,sports,product_0866.jpg
867,867,sports,product_0867.jpg
868,868,sports,product_0868.jpg
869,869,grocery,product_0869.jpg
870,870,grocery,product_0870.jpg
871,871,grocery,product_0871.jpg
872,872,grocery,product_0872.jpg
873,873,grocery,product_0873.jpg
874,874,grocery,product_0874.jpg
875,875,grocery,product_0875.jpg
876,876,grocery,product_0876.jpg
877,877,grocery,product_0877.jpg
878,878,grocery,product_0878.jpg
879,879,grocery,product_0879.jpg
880,880,grocery,product_0880.jpg
881,881,grocery,product_0881.jpg
882,882,grocery,product_0882.jpg
883,883,grocery,product_0883.jpg
884,884,grocery,product_0884.jpg
885,885,grocery,product_0885.jpg
886,886,grocery,product_0886.jpg
887,887,grocery,product_0887.jpg
888,888,grocery,product_0888.jpg
889,889,grocery,product_0889.jpg
890,890,grocery,product_0890.jpg
891,891,grocery,product_0891.jpg
892,892,grocery,product_0892.jpg
893,893,grocery,product_0893.jpg
894,894,grocery,product_0894.jpg
895,895,grocery,product_0895.jpg
896,896,grocery,product_0896.jpg
897,897,grocery,product_0897.jpg
898,898,grocery,product_0898.jpg
899,899,grocery,product_0899.jpg
900,900,grocery,product_0900.jpg
901,901,grocery,product_0901.jpg
902,902,grocery,product_0902.jpg
903,903,grocery,product_0903.jpg
904,904,grocery,product_0904.jpg
905,905,grocery,product_0905.jpg
906,906,grocery,product_0906.jpg
907,907,grocery,product_0907.jpg
908,908,grocery,product_0908.jpg
909,909,grocery,product_0909.jpg
910,910,grocery,product_0910.jpg
911,911,grocery,product_0911.jpg
912,912,grocery,product_0912.jpg
913,913,grocery,product_0913.jpg
914,914,grocery,product_0914.jpg
915,915,grocery,product_0915.jpg
916,916,grocery,product_0916.jpg
917,917,grocery,product_0917.jpg
918,918,grocery,product_0918.jpg
919,919,grocery,product_0919.jpg
920,920,grocery,product_0920.jpg
921,921,grocery,product_0921.jpg
922,922,grocery,product_0922.jpg
923,923,grocery,product_0923.jpg
924,924,grocery,product_0924.jpg
925,925,grocery,product_0925.jpg
926,926,grocery,product_0926.jpg
927,927,grocery,product_0927.jpg
928,928,grocery,product_0928.jpg
929,929,grocery,product_0929.jpg
930,930,grocery,product_0930.jpg
931,931,grocery,product_0931.jpg
932,932,grocery,product_0932.jpg
933,933,grocery,product_0933.jpg
934,934,grocery,product_0934.jpg
935,935,appliances,product_0935.jpg
936,936,appliances,product_0936.jpg
937,937,appliances,product_0937.jpg
938,938,appliances,product_0938.jpg
939,939,appliances,product_0939.jpg
940,940,appliances,product_0940.jpg
941,941,appliances,product_0941.jpg
942,942,appliances,product_0942.jpg
943,943,appliances,product_0943.jpg
944,944,appliances,product_0944.jpg
945,945,appliances,product_0945.jpg
946,946,appliances,product_0946.jpg
947,947,appliances,product_0947.jpg
948,948,appliances,product_0948.jpg
949,949,appliances,product_0949.jpg
950,950,appliances,product_0950.jpg
951,951,appliances,product_0951.jpg
952,952,appliances,product_0952.jpg
953,953,appliances,product_0953.jpg
954,954,appliances,product_0954.jpg
955,955,appliances,product_0955.jpg
956,956,appliances,product_0956.jpg
957,957,appliances,product_0957.jpg
958,958,appliances,product_0958.jpg
959,959,appliances,product_0959.jpg
960,960,appliances,product_0960.jpg
961,961,appliances,product_0961.jpg
962,962,appliances,product_0962.jpg
963,963,appliances,product_0963.jpg
964,964,appliances,product_0964.jpg
965,965,appliances,product_0965.jpg
966,966,appliances,product_0966.jpg
967,967,appliances,product_0967.jpg
968,968,appliances,product_0968.jpg
969,969,appliances,product_0969.jpg
970,970,appliances,product_0970.jpg
971,971,appliances,product_0971.jpg
972,972,appliances,product_0972.jpg
973,973,appliances,product_0973.jpg
974,974,appliances,product_0974.jpg
975,975,appliances,product_0975.jpg
976,976,appliances,product_0976.jpg
977,977,appliances,product_0977.jpg
978,978,appliances,product_0978.jpg
979,979,appliances,product_0979.jpg
980,980,appliances,product_0980.jpg
981,981,appliances,product_0981.jpg
982,982,appliances,product_0982.jpg
983,983,appliances,product_0983.jpg
984,984,appliances,product_0984.jpg
985,985,appliances,product_0985.jpg
986,986,appliances,product_0986.jpg
987,987,appliances,product_0987.jpg
988,988,appliances,product_0988.jpg
989,989,appliances,product_0989.jpg
990,990,appliances,product_0990.jpg
991,991,appliances,product_0991.jpg
992,992,appliances,product_0992.jpg
993,993,appliances,product_0993.jpg
994,994,appliances,product_0994.jpg
995,995,appliances,product_0995.jpg
996,996,appliances,product_0996.jpg
997,997,appliances,product_0997.jpg
998,998,appliances,product_0998.jpg
999,999,appliances,product_0999.jpg
1000,1000,appliances,product_1000.jpg